epoch,model_ppl,model_acc,model_epsilon,model_delta,model_alpha,canary_exposure,canary_rank,canary_ppl,TOTAL_CANDIDATES,model_path
0,50434.7282047,0.0,0.152,8e-05,63.0,1.9184313049434287,264542,51230.433114914624,1000000,model/partialdp/20210423/111051/data-wikitext-2-add10b_model-LSTM_ebd-200_hid-200_bi-False_lay-1_tie-False_tok-50258_bs-7_bptt-35_lr-0.1_dp-True_partial-True_0hidden-False_sigma-0.05_norm-0.005_dl-8e-05.pt_ppl-50434.7282047_acc-0.00000_epoch-0_ep-0.152_dl-8e-05_ap-63.00
1,3148.9086818,0.06286,65612.831,8e-05,1.1,0.5243651295445666,695265,36596.634787599105,1000000,model/partialdp/20210423/111051/data-wikitext-2-add10b_model-LSTM_ebd-200_hid-200_bi-False_lay-1_tie-False_tok-50258_bs-7_bptt-35_lr-0.1_dp-True_partial-True_0hidden-False_sigma-0.05_norm-0.005_dl-8e-05.pt_ppl-3148.9086818_acc-0.06286_epoch-1_ep-65612.831_dl-8e-05_ap-1.10
1,2205.8621283,0.06286,127095.768,8e-05,1.1,0.42080633270555623,747007,20896.487379160244,1000000,model/partialdp/20210423/111051/data-wikitext-2-add10b_model-LSTM_ebd-200_hid-200_bi-False_lay-1_tie-False_tok-50258_bs-7_bptt-35_lr-0.1_dp-True_partial-True_0hidden-False_sigma-0.05_norm-0.005_dl-8e-05.pt_ppl-2205.8621283_acc-0.06286_epoch-1_ep-127095.768_dl-8e-05_ap-1.10
1,1869.1259306,0.06286,194275.965,8e-05,1.1,0.35779935785257067,780354,16758.959764237203,1000000,model/partialdp/20210423/111051/data-wikitext-2-add10b_model-LSTM_ebd-200_hid-200_bi-False_lay-1_tie-False_tok-50258_bs-7_bptt-35_lr-0.1_dp-True_partial-True_0hidden-False_sigma-0.05_norm-0.005_dl-8e-05.pt_ppl-1869.1259306_acc-0.06286_epoch-1_ep-194275.965_dl-8e-05_ap-1.10
1,1719.7401584,0.06286,255046.744,8e-05,1.1,0.3109316891391174,806121,17714.83141220215,1000000,model/partialdp/20210423/111051/data-wikitext-2-add10b_model-LSTM_ebd-200_hid-200_bi-False_lay-1_tie-False_tok-50258_bs-7_bptt-35_lr-0.1_dp-True_partial-True_0hidden-False_sigma-0.05_norm-0.005_dl-8e-05.pt_ppl-1719.7401584_acc-0.06286_epoch-1_ep-255046.744_dl-8e-05_ap-1.10
1,1595.9625765,0.05714,317716.61,8e-05,1.1,0.2649284645017964,832240,17298.795867670768,1000000,model/partialdp/20210423/111051/data-wikitext-2-add10b_model-LSTM_ebd-200_hid-200_bi-False_lay-1_tie-False_tok-50258_bs-7_bptt-35_lr-0.1_dp-True_partial-True_0hidden-False_sigma-0.05_norm-0.005_dl-8e-05.pt_ppl-1595.9625765_acc-0.05714_epoch-1_ep-317716.610_dl-8e-05_ap-1.10
1,1511.5733914,0.06286,387151.973,8e-05,1.1,0.2431816478107116,844880,18719.525342101293,1000000,model/partialdp/20210423/111051/data-wikitext-2-add10b_model-LSTM_ebd-200_hid-200_bi-False_lay-1_tie-False_tok-50258_bs-7_bptt-35_lr-0.1_dp-True_partial-True_0hidden-False_sigma-0.05_norm-0.005_dl-8e-05.pt_ppl-1511.5733914_acc-0.06286_epoch-1_ep-387151.973_dl-8e-05_ap-1.10
1,1431.1654471,0.01714,449821.839,8e-05,1.1,0.22270191261684502,856959,19187.90846914293,1000000,model/partialdp/20210423/111051/data-wikitext-2-add10b_model-LSTM_ebd-200_hid-200_bi-False_lay-1_tie-False_tok-50258_bs-7_bptt-35_lr-0.1_dp-True_partial-True_0hidden-False_sigma-0.05_norm-0.005_dl-8e-05.pt_ppl-1431.1654471_acc-0.01714_epoch-1_ep-449821.839_dl-8e-05_ap-1.10
1,1389.5170811,0.05714,518307.658,8e-05,1.1,0.21005712456796743,864503,20165.619372253357,1000000,model/partialdp/20210423/111051/data-wikitext-2-add10b_model-LSTM_ebd-200_hid-200_bi-False_lay-1_tie-False_tok-50258_bs-7_bptt-35_lr-0.1_dp-True_partial-True_0hidden-False_sigma-0.05_norm-0.005_dl-8e-05.pt_ppl-1389.5170811_acc-0.05714_epoch-1_ep-518307.658_dl-8e-05_ap-1.10
1,1313.2915025,0.06286,582283.146,8e-05,1.1,0.19530043017893206,873391,20983.212756127094,1000000,model/partialdp/20210423/111051/data-wikitext-2-add10b_model-LSTM_ebd-200_hid-200_bi-False_lay-1_tie-False_tok-50258_bs-7_bptt-35_lr-0.1_dp-True_partial-True_0hidden-False_sigma-0.05_norm-0.005_dl-8e-05.pt_ppl-1313.2915025_acc-0.06286_epoch-1_ep-582283.146_dl-8e-05_ap-1.10
1,1263.1649256,0.06286,645546.477,8e-05,1.1,0.18103167288753852,882072,21909.39606641293,1000000,model/partialdp/20210423/111051/data-wikitext-2-add10b_model-LSTM_ebd-200_hid-200_bi-False_lay-1_tie-False_tok-50258_bs-7_bptt-35_lr-0.1_dp-True_partial-True_0hidden-False_sigma-0.05_norm-0.005_dl-8e-05.pt_ppl-1263.1649256_acc-0.06286_epoch-1_ep-645546.477_dl-8e-05_ap-1.10
1,1182.3647381,0.08571,712845.367,8e-05,1.1,0.17960778982408954,882943,23665.713430477947,1000000,model/partialdp/20210423/111051/data-wikitext-2-add10b_model-LSTM_ebd-200_hid-200_bi-False_lay-1_tie-False_tok-50258_bs-7_bptt-35_lr-0.1_dp-True_partial-True_0hidden-False_sigma-0.05_norm-0.005_dl-8e-05.pt_ppl-1182.3647381_acc-0.08571_epoch-1_ep-712845.367_dl-8e-05_ap-1.10
1,1086.8804084,0.08,776464.776,8e-05,1.1,0.17178439035865622,887744,25190.15293988633,1000000,model/partialdp/20210423/111051/data-wikitext-2-add10b_model-LSTM_ebd-200_hid-200_bi-False_lay-1_tie-False_tok-50258_bs-7_bptt-35_lr-0.1_dp-True_partial-True_0hidden-False_sigma-0.05_norm-0.005_dl-8e-05.pt_ppl-1086.8804084_acc-0.08000_epoch-1_ep-776464.776_dl-8e-05_ap-1.10
1,1009.4517175,0.08,844713.21,8e-05,1.1,0.16898701364394952,889467,26738.363540837767,1000000,model/partialdp/20210423/111051/data-wikitext-2-add10b_model-LSTM_ebd-200_hid-200_bi-False_lay-1_tie-False_tok-50258_bs-7_bptt-35_lr-0.1_dp-True_partial-True_0hidden-False_sigma-0.05_norm-0.005_dl-8e-05.pt_ppl-1009.4517175_acc-0.08000_epoch-1_ep-844713.210_dl-8e-05_ap-1.10
1,947.3404981,0.08571,911299.942,8e-05,1.1,0.1632016831031926,893041,29195.84006224374,1000000,model/partialdp/20210423/111051/data-wikitext-2-add10b_model-LSTM_ebd-200_hid-200_bi-False_lay-1_tie-False_tok-50258_bs-7_bptt-35_lr-0.1_dp-True_partial-True_0hidden-False_sigma-0.05_norm-0.005_dl-8e-05.pt_ppl-947.3404981_acc-0.08571_epoch-1_ep-911299.942_dl-8e-05_ap-1.10
1,877.2166095,0.11429,978954.911,8e-05,1.1,0.16248620034620487,893484,30361.384256164514,1000000,model/partialdp/20210423/111051/data-wikitext-2-add10b_model-LSTM_ebd-200_hid-200_bi-False_lay-1_tie-False_tok-50258_bs-7_bptt-35_lr-0.1_dp-True_partial-True_0hidden-False_sigma-0.05_norm-0.005_dl-8e-05.pt_ppl-877.2166095_acc-0.11429_epoch-1_ep-978954.911_dl-8e-05_ap-1.10
1,837.9262419,0.11429,1041624.777,8e-05,1.1,0.15622514084266115,897370,33503.86052665231,1000000,model/partialdp/20210423/111051/data-wikitext-2-add10b_model-LSTM_ebd-200_hid-200_bi-False_lay-1_tie-False_tok-50258_bs-7_bptt-35_lr-0.1_dp-True_partial-True_0hidden-False_sigma-0.05_norm-0.005_dl-8e-05.pt_ppl-837.9262419_acc-0.11429_epoch-1_ep-1041624.777_dl-8e-05_ap-1.10
1,795.1952444,0.12571,1101564.706,8e-05,1.1,0.14850959265828223,902182,32303.126866041363,1000000,model/partialdp/20210423/111051/data-wikitext-2-add10b_model-LSTM_ebd-200_hid-200_bi-False_lay-1_tie-False_tok-50258_bs-7_bptt-35_lr-0.1_dp-True_partial-True_0hidden-False_sigma-0.05_norm-0.005_dl-8e-05.pt_ppl-795.1952444_acc-0.12571_epoch-1_ep-1101564.706_dl-8e-05_ap-1.10
1,768.0820898,0.12571,1165658.887,8e-05,1.1,0.1519373721679358,900041,36469.1941663883,1000000,model/partialdp/20210423/111051/data-wikitext-2-add10b_model-LSTM_ebd-200_hid-200_bi-False_lay-1_tie-False_tok-50258_bs-7_bptt-35_lr-0.1_dp-True_partial-True_0hidden-False_sigma-0.05_norm-0.005_dl-8e-05.pt_ppl-768.0820898_acc-0.12571_epoch-1_ep-1165658.887_dl-8e-05_ap-1.10
1,725.3342266,0.12571,1230465.225,8e-05,1.1,0.14619433015557348,903631,36642.87907988602,1000000,model/partialdp/20210423/111051/data-wikitext-2-add10b_model-LSTM_ebd-200_hid-200_bi-False_lay-1_tie-False_tok-50258_bs-7_bptt-35_lr-0.1_dp-True_partial-True_0hidden-False_sigma-0.05_norm-0.005_dl-8e-05.pt_ppl-725.3342266_acc-0.12571_epoch-1_ep-1230465.225_dl-8e-05_ap-1.10
1,690.9603886,0.14857,1294203.328,8e-05,1.1,0.13740975161983826,909150,28090.430581091874,1000000,model/partialdp/20210423/111051/data-wikitext-2-add10b_model-LSTM_ebd-200_hid-200_bi-False_lay-1_tie-False_tok-50258_bs-7_bptt-35_lr-0.1_dp-True_partial-True_0hidden-False_sigma-0.05_norm-0.005_dl-8e-05.pt_ppl-690.9603886_acc-0.14857_epoch-1_ep-1294203.328_dl-8e-05_ap-1.10
1,665.6914113,0.14857,1360315.289,8e-05,1.1,0.14183753519948183,906364,29646.481099969922,1000000,model/partialdp/20210423/111051/data-wikitext-2-add10b_model-LSTM_ebd-200_hid-200_bi-False_lay-1_tie-False_tok-50258_bs-7_bptt-35_lr-0.1_dp-True_partial-True_0hidden-False_sigma-0.05_norm-0.005_dl-8e-05.pt_ppl-665.6914113_acc-0.14857_epoch-1_ep-1360315.289_dl-8e-05_ap-1.10
1,650.8854167,0.15429,1421086.068,8e-05,1.1,0.1549090411540064,898189,31386.55194182633,1000000,model/partialdp/20210423/111051/data-wikitext-2-add10b_model-LSTM_ebd-200_hid-200_bi-False_lay-1_tie-False_tok-50258_bs-7_bptt-35_lr-0.1_dp-True_partial-True_0hidden-False_sigma-0.05_norm-0.005_dl-8e-05.pt_ppl-650.8854167_acc-0.15429_epoch-1_ep-1421086.068_dl-8e-05_ap-1.10
1,620.7703589,0.16,1484112.012,8e-05,1.1,0.15020085081106416,901125,30365.042442074246,1000000,model/partialdp/20210423/111051/data-wikitext-2-add10b_model-LSTM_ebd-200_hid-200_bi-False_lay-1_tie-False_tok-50258_bs-7_bptt-35_lr-0.1_dp-True_partial-True_0hidden-False_sigma-0.05_norm-0.005_dl-8e-05.pt_ppl-620.7703589_acc-0.16000_epoch-1_ep-1484112.012_dl-8e-05_ap-1.10
1,608.5979141,0.16,1547137.957,8e-05,1.1,0.15048585575882711,900947,28728.86323095238,1000000,model/partialdp/20210423/111051/data-wikitext-2-add10b_model-LSTM_ebd-200_hid-200_bi-False_lay-1_tie-False_tok-50258_bs-7_bptt-35_lr-0.1_dp-True_partial-True_0hidden-False_sigma-0.05_norm-0.005_dl-8e-05.pt_ppl-608.5979141_acc-0.16000_epoch-1_ep-1547137.957_dl-8e-05_ap-1.10
1,590.7802138,0.16571,1615623.777,8e-05,1.1,0.14345724276950378,905347,28873.799893242387,1000000,model/partialdp/20210423/111051/data-wikitext-2-add10b_model-LSTM_ebd-200_hid-200_bi-False_lay-1_tie-False_tok-50258_bs-7_bptt-35_lr-0.1_dp-True_partial-True_0hidden-False_sigma-0.05_norm-0.005_dl-8e-05.pt_ppl-590.7802138_acc-0.16571_epoch-1_ep-1615623.777_dl-8e-05_ap-1.10
1,583.1935184,0.17714,1683516.131,8e-05,1.1,0.13732882395834167,909201,28489.023475160917,1000000,model/partialdp/20210423/111051/data-wikitext-2-add10b_model-LSTM_ebd-200_hid-200_bi-False_lay-1_tie-False_tok-50258_bs-7_bptt-35_lr-0.1_dp-True_partial-True_0hidden-False_sigma-0.05_norm-0.005_dl-8e-05.pt_ppl-583.1935184_acc-0.17714_epoch-1_ep-1683516.131_dl-8e-05_ap-1.10
1,566.2957335,0.18857,1746898.155,8e-05,1.1,0.15536688837027413,897904,27501.202837043416,1000000,model/partialdp/20210423/111051/data-wikitext-2-add10b_model-LSTM_ebd-200_hid-200_bi-False_lay-1_tie-False_tok-50258_bs-7_bptt-35_lr-0.1_dp-True_partial-True_0hidden-False_sigma-0.05_norm-0.005_dl-8e-05.pt_ppl-566.2957335_acc-0.18857_epoch-1_ep-1746898.155_dl-8e-05_ap-1.10
1,555.0749978,0.19429,1813128.809,8e-05,1.1,0.1441729139484238,904898,26932.741059669464,1000000,model/partialdp/20210423/111051/data-wikitext-2-add10b_model-LSTM_ebd-200_hid-200_bi-False_lay-1_tie-False_tok-50258_bs-7_bptt-35_lr-0.1_dp-True_partial-True_0hidden-False_sigma-0.05_norm-0.005_dl-8e-05.pt_ppl-555.0749978_acc-0.19429_epoch-1_ep-1813128.809_dl-8e-05_ap-1.10
1,547.2415129,0.18857,1880427.699,8e-05,1.1,0.14611290823573242,903682,25749.795678171133,1000000,model/partialdp/20210423/111051/data-wikitext-2-add10b_model-LSTM_ebd-200_hid-200_bi-False_lay-1_tie-False_tok-50258_bs-7_bptt-35_lr-0.1_dp-True_partial-True_0hidden-False_sigma-0.05_norm-0.005_dl-8e-05.pt_ppl-547.2415129_acc-0.18857_epoch-1_ep-1880427.699_dl-8e-05_ap-1.10
1,536.9133209,0.19429,1944996.651,8e-05,1.1,0.14976544635652544,901397,28418.91359962439,1000000,model/partialdp/20210423/111051/data-wikitext-2-add10b_model-LSTM_ebd-200_hid-200_bi-False_lay-1_tie-False_tok-50258_bs-7_bptt-35_lr-0.1_dp-True_partial-True_0hidden-False_sigma-0.05_norm-0.005_dl-8e-05.pt_ppl-536.9133209_acc-0.19429_epoch-1_ep-1944996.651_dl-8e-05_ap-1.10
1,533.0911205,0.2,2008616.061,8e-05,1.1,0.14788287473638917,902574,27800.679518532375,1000000,model/partialdp/20210423/111051/data-wikitext-2-add10b_model-LSTM_ebd-200_hid-200_bi-False_lay-1_tie-False_tok-50258_bs-7_bptt-35_lr-0.1_dp-True_partial-True_0hidden-False_sigma-0.05_norm-0.005_dl-8e-05.pt_ppl-533.0911205_acc-0.20000_epoch-1_ep-2008616.061_dl-8e-05_ap-1.10
1,520.8113756,0.20571,2071404.62,8e-05,1.1,0.14016876636336661,907413,24680.139084430582,1000000,model/partialdp/20210423/111051/data-wikitext-2-add10b_model-LSTM_ebd-200_hid-200_bi-False_lay-1_tie-False_tok-50258_bs-7_bptt-35_lr-0.1_dp-True_partial-True_0hidden-False_sigma-0.05_norm-0.005_dl-8e-05.pt_ppl-520.8113756_acc-0.20571_epoch-1_ep-2071404.620_dl-8e-05_ap-1.10
1,515.8377393,0.2,2137872.659,8e-05,1.1,0.1523429683081794,899788,26978.979573171615,1000000,model/partialdp/20210423/111051/data-wikitext-2-add10b_model-LSTM_ebd-200_hid-200_bi-False_lay-1_tie-False_tok-50258_bs-7_bptt-35_lr-0.1_dp-True_partial-True_0hidden-False_sigma-0.05_norm-0.005_dl-8e-05.pt_ppl-515.8377393_acc-0.20000_epoch-1_ep-2137872.659_dl-8e-05_ap-1.10
1,508.194302,0.19429,2205290.242,8e-05,1.1,0.1546938228467134,898323,25897.503973481293,1000000,model/partialdp/20210423/111051/data-wikitext-2-add10b_model-LSTM_ebd-200_hid-200_bi-False_lay-1_tie-False_tok-50258_bs-7_bptt-35_lr-0.1_dp-True_partial-True_0hidden-False_sigma-0.05_norm-0.005_dl-8e-05.pt_ppl-508.1943020_acc-0.19429_epoch-1_ep-2205290.242_dl-8e-05_ap-1.10
1,499.6243727,0.21143,2267247.951,8e-05,1.1,0.14637315520582916,903519,26581.04247058131,1000000,model/partialdp/20210423/111051/data-wikitext-2-add10b_model-LSTM_ebd-200_hid-200_bi-False_lay-1_tie-False_tok-50258_bs-7_bptt-35_lr-0.1_dp-True_partial-True_0hidden-False_sigma-0.05_norm-0.005_dl-8e-05.pt_ppl-499.6243727_acc-0.21143_epoch-1_ep-2267247.951_dl-8e-05_ap-1.10
1,493.9864173,0.21143,2333003.833,8e-05,1.1,0.12757938885916076,915366,24445.382638673684,1000000,model/partialdp/20210423/111051/data-wikitext-2-add10b_model-LSTM_ebd-200_hid-200_bi-False_lay-1_tie-False_tok-50258_bs-7_bptt-35_lr-0.1_dp-True_partial-True_0hidden-False_sigma-0.05_norm-0.005_dl-8e-05.pt_ppl-493.9864173_acc-0.21143_epoch-1_ep-2333003.833_dl-8e-05_ap-1.10
1,489.8608129,0.21143,2398759.715,8e-05,1.1,0.1310904479366748,913141,26984.60412492593,1000000,model/partialdp/20210423/111051/data-wikitext-2-add10b_model-LSTM_ebd-200_hid-200_bi-False_lay-1_tie-False_tok-50258_bs-7_bptt-35_lr-0.1_dp-True_partial-True_0hidden-False_sigma-0.05_norm-0.005_dl-8e-05.pt_ppl-489.8608129_acc-0.21143_epoch-1_ep-2398759.715_dl-8e-05_ap-1.10
1,486.6915419,0.21143,2468907.235,8e-05,1.1,0.1265978216096144,915989,26906.16158140279,1000000,model/partialdp/20210423/111051/data-wikitext-2-add10b_model-LSTM_ebd-200_hid-200_bi-False_lay-1_tie-False_tok-50258_bs-7_bptt-35_lr-0.1_dp-True_partial-True_0hidden-False_sigma-0.05_norm-0.005_dl-8e-05.pt_ppl-486.6915419_acc-0.21143_epoch-1_ep-2468907.235_dl-8e-05_ap-1.10
1,475.6939515,0.22286,2533594.881,8e-05,1.1,0.1278095156889485,915220,27399.42033470787,1000000,model/partialdp/20210423/111051/data-wikitext-2-add10b_model-LSTM_ebd-200_hid-200_bi-False_lay-1_tie-False_tok-50258_bs-7_bptt-35_lr-0.1_dp-True_partial-True_0hidden-False_sigma-0.05_norm-0.005_dl-8e-05.pt_ppl-475.6939515_acc-0.22286_epoch-1_ep-2533594.881_dl-8e-05_ap-1.10
1,469.5852725,0.21714,2598638.605,8e-05,1.1,0.13873697806200624,908314,25194.723768690117,1000000,model/partialdp/20210423/111051/data-wikitext-2-add10b_model-LSTM_ebd-200_hid-200_bi-False_lay-1_tie-False_tok-50258_bs-7_bptt-35_lr-0.1_dp-True_partial-True_0hidden-False_sigma-0.05_norm-0.005_dl-8e-05.pt_ppl-469.5852725_acc-0.21714_epoch-1_ep-2598638.605_dl-8e-05_ap-1.10
1,468.0696657,0.21714,2664275.795,8e-05,1.1,0.13263802505725764,912162,25603.70305998897,1000000,model/partialdp/20210423/111051/data-wikitext-2-add10b_model-LSTM_ebd-200_hid-200_bi-False_lay-1_tie-False_tok-50258_bs-7_bptt-35_lr-0.1_dp-True_partial-True_0hidden-False_sigma-0.05_norm-0.005_dl-8e-05.pt_ppl-468.0696657_acc-0.21714_epoch-1_ep-2664275.795_dl-8e-05_ap-1.10
1,462.5976938,0.23429,2729319.519,8e-05,1.1,0.1355115278656065,910347,27704.27640933342,1000000,model/partialdp/20210423/111051/data-wikitext-2-add10b_model-LSTM_ebd-200_hid-200_bi-False_lay-1_tie-False_tok-50258_bs-7_bptt-35_lr-0.1_dp-True_partial-True_0hidden-False_sigma-0.05_norm-0.005_dl-8e-05.pt_ppl-462.5976938_acc-0.23429_epoch-1_ep-2729319.519_dl-8e-05_ap-1.10
1,456.9730127,0.21143,2794244.551,8e-05,1.1,0.13574926368151807,910197,27617.049049915564,1000000,model/partialdp/20210423/111051/data-wikitext-2-add10b_model-LSTM_ebd-200_hid-200_bi-False_lay-1_tie-False_tok-50258_bs-7_bptt-35_lr-0.1_dp-True_partial-True_0hidden-False_sigma-0.05_norm-0.005_dl-8e-05.pt_ppl-456.9730127_acc-0.21143_epoch-1_ep-2794244.551_dl-8e-05_ap-1.10
1,453.8057871,0.21714,2860949.976,8e-05,1.1,0.13521203650486768,910536,26844.582551599782,1000000,model/partialdp/20210423/111051/data-wikitext-2-add10b_model-LSTM_ebd-200_hid-200_bi-False_lay-1_tie-False_tok-50258_bs-7_bptt-35_lr-0.1_dp-True_partial-True_0hidden-False_sigma-0.05_norm-0.005_dl-8e-05.pt_ppl-453.8057871_acc-0.21714_epoch-1_ep-2860949.976_dl-8e-05_ap-1.10
1,447.3590668,0.22857,2929791.874,8e-05,1.1,0.1254406508885033,916724,26966.360228396014,1000000,model/partialdp/20210423/111051/data-wikitext-2-add10b_model-LSTM_ebd-200_hid-200_bi-False_lay-1_tie-False_tok-50258_bs-7_bptt-35_lr-0.1_dp-True_partial-True_0hidden-False_sigma-0.05_norm-0.005_dl-8e-05.pt_ppl-447.3590668_acc-0.22857_epoch-1_ep-2929791.874_dl-8e-05_ap-1.10
1,445.654926,0.23429,2993529.977,8e-05,1.1,0.11406959353688606,923978,27607.84337393327,1000000,model/partialdp/20210423/111051/data-wikitext-2-add10b_model-LSTM_ebd-200_hid-200_bi-False_lay-1_tie-False_tok-50258_bs-7_bptt-35_lr-0.1_dp-True_partial-True_0hidden-False_sigma-0.05_norm-0.005_dl-8e-05.pt_ppl-445.6549260_acc-0.23429_epoch-1_ep-2993529.977_dl-8e-05_ap-1.10
1,445.3145219,0.21714,3059167.166,8e-05,1.1,0.10945680660419654,926937,26741.636201391197,1000000,model/partialdp/20210423/111051/data-wikitext-2-add10b_model-LSTM_ebd-200_hid-200_bi-False_lay-1_tie-False_tok-50258_bs-7_bptt-35_lr-0.1_dp-True_partial-True_0hidden-False_sigma-0.05_norm-0.005_dl-8e-05.pt_ppl-445.3145219_acc-0.21714_epoch-1_ep-3059167.166_dl-8e-05_ap-1.10
1,438.5199094,0.22857,3128365.143,8e-05,1.1,0.10562224090622507,929404,26211.206505046797,1000000,model/partialdp/20210423/111051/data-wikitext-2-add10b_model-LSTM_ebd-200_hid-200_bi-False_lay-1_tie-False_tok-50258_bs-7_bptt-35_lr-0.1_dp-True_partial-True_0hidden-False_sigma-0.05_norm-0.005_dl-8e-05.pt_ppl-438.5199094_acc-0.22857_epoch-1_ep-3128365.143_dl-8e-05_ap-1.10
1,431.6618648,0.24,3193883.639,8e-05,1.1,0.11856873638826926,921101,28848.92247980682,1000000,model/partialdp/20210423/111051/data-wikitext-2-add10b_model-LSTM_ebd-200_hid-200_bi-False_lay-1_tie-False_tok-50258_bs-7_bptt-35_lr-0.1_dp-True_partial-True_0hidden-False_sigma-0.05_norm-0.005_dl-8e-05.pt_ppl-431.6618648_acc-0.24000_epoch-1_ep-3193883.639_dl-8e-05_ap-1.10
1,431.290689,0.24,3258689.977,8e-05,1.1,0.11229069989914464,925118,28398.530882699153,1000000,model/partialdp/20210423/111051/data-wikitext-2-add10b_model-LSTM_ebd-200_hid-200_bi-False_lay-1_tie-False_tok-50258_bs-7_bptt-35_lr-0.1_dp-True_partial-True_0hidden-False_sigma-0.05_norm-0.005_dl-8e-05.pt_ppl-431.2906890_acc-0.24000_epoch-1_ep-3258689.977_dl-8e-05_ap-1.10
2,350.6382082,0.25714,6531410.079,8e-05,1.1,0.10275802522330224,931251,30391.125816158677,1000000,model/partialdp/20210423/111051/data-wikitext-2-add10b_model-LSTM_ebd-200_hid-200_bi-False_lay-1_tie-False_tok-50258_bs-7_bptt-35_lr-0.1_dp-True_partial-True_0hidden-False_sigma-0.05_norm-0.005_dl-8e-05.pt_ppl-350.6382082_acc-0.25714_epoch-2_ep-6531410.079_dl-8e-05_ap-1.10
3,316.8796367,0.25714,9783952.382,8e-05,1.1,0.11515985941904106,923280,32324.159257218507,1000000,model/partialdp/20210423/111051/data-wikitext-2-add10b_model-LSTM_ebd-200_hid-200_bi-False_lay-1_tie-False_tok-50258_bs-7_bptt-35_lr-0.1_dp-True_partial-True_0hidden-False_sigma-0.05_norm-0.005_dl-8e-05.pt_ppl-316.8796367_acc-0.25714_epoch-3_ep-9783952.382_dl-8e-05_ap-1.10
4,295.448549,0.26857,13040648.938,8e-05,1.1,0.13278670514032243,912068,35938.94825623703,1000000,model/partialdp/20210423/111051/data-wikitext-2-add10b_model-LSTM_ebd-200_hid-200_bi-False_lay-1_tie-False_tok-50258_bs-7_bptt-35_lr-0.1_dp-True_partial-True_0hidden-False_sigma-0.05_norm-0.005_dl-8e-05.pt_ppl-295.4485490_acc-0.26857_epoch-4_ep-13040648.938_dl-8e-05_ap-1.10
5,277.5967098,0.29143,16308858.708,8e-05,1.1,0.1479292297480974,902545,47450.811311403835,1000000,model/partialdp/20210423/111051/data-wikitext-2-add10b_model-LSTM_ebd-200_hid-200_bi-False_lay-1_tie-False_tok-50258_bs-7_bptt-35_lr-0.1_dp-True_partial-True_0hidden-False_sigma-0.05_norm-0.005_dl-8e-05.pt_ppl-277.5967098_acc-0.29143_epoch-5_ep-16308858.708_dl-8e-05_ap-1.10
6,263.4083982,0.30286,19564487.027,8e-05,1.1,0.25740906624534077,836589,48095.326743102894,1000000,model/partialdp/20210423/111051/data-wikitext-2-add10b_model-LSTM_ebd-200_hid-200_bi-False_lay-1_tie-False_tok-50258_bs-7_bptt-35_lr-0.1_dp-True_partial-True_0hidden-False_sigma-0.05_norm-0.005_dl-8e-05.pt_ppl-263.4083982_acc-0.30286_epoch-6_ep-19564487.027_dl-8e-05_ap-1.10
7,255.0295031,0.29143,22831391.175,8e-05,1.1,0.3000486612954667,812225,55450.79395019446,1000000,model/partialdp/20210423/111051/data-wikitext-2-add10b_model-LSTM_ebd-200_hid-200_bi-False_lay-1_tie-False_tok-50258_bs-7_bptt-35_lr-0.1_dp-True_partial-True_0hidden-False_sigma-0.05_norm-0.005_dl-8e-05.pt_ppl-255.0295031_acc-0.29143_epoch-7_ep-22831391.175_dl-8e-05_ap-1.10
8,244.1580866,0.29714,26090224.203,8e-05,1.1,0.38405456048315045,766281,54417.58467019678,1000000,model/partialdp/20210423/111051/data-wikitext-2-add10b_model-LSTM_ebd-200_hid-200_bi-False_lay-1_tie-False_tok-50258_bs-7_bptt-35_lr-0.1_dp-True_partial-True_0hidden-False_sigma-0.05_norm-0.005_dl-8e-05.pt_ppl-244.1580866_acc-0.29714_epoch-8_ep-26090224.203_dl-8e-05_ap-1.10
9,238.9906637,0.30857,29350362.854,8e-05,1.1,0.5131538471074215,700689,46945.72772423886,1000000,model/partialdp/20210423/111051/data-wikitext-2-add10b_model-LSTM_ebd-200_hid-200_bi-False_lay-1_tie-False_tok-50258_bs-7_bptt-35_lr-0.1_dp-True_partial-True_0hidden-False_sigma-0.05_norm-0.005_dl-8e-05.pt_ppl-238.9906637_acc-0.30857_epoch-9_ep-29350362.854_dl-8e-05_ap-1.10
10,231.0398754,0.30286,32618216.545,8e-05,1.1,0.6018094514622128,658927,53573.48393741547,1000000,model/partialdp/20210423/111051/data-wikitext-2-add10b_model-LSTM_ebd-200_hid-200_bi-False_lay-1_tie-False_tok-50258_bs-7_bptt-35_lr-0.1_dp-True_partial-True_0hidden-False_sigma-0.05_norm-0.005_dl-8e-05.pt_ppl-231.0398754_acc-0.30286_epoch-10_ep-32618216.545_dl-8e-05_ap-1.10
11,225.3336815,0.30857,35888444.094,8e-05,1.1,0.7056692160037201,613158,52492.88101712863,1000000,model/partialdp/20210423/111051/data-wikitext-2-add10b_model-LSTM_ebd-200_hid-200_bi-False_lay-1_tie-False_tok-50258_bs-7_bptt-35_lr-0.1_dp-True_partial-True_0hidden-False_sigma-0.05_norm-0.005_dl-8e-05.pt_ppl-225.3336815_acc-0.30857_epoch-11_ep-35888444.094_dl-8e-05_ap-1.10
12,221.814666,0.30286,39156179.093,8e-05,1.1,0.6794575575715385,624400,56372.766226035696,1000000,model/partialdp/20210423/111051/data-wikitext-2-add10b_model-LSTM_ebd-200_hid-200_bi-False_lay-1_tie-False_tok-50258_bs-7_bptt-35_lr-0.1_dp-True_partial-True_0hidden-False_sigma-0.05_norm-0.005_dl-8e-05.pt_ppl-221.8146660_acc-0.30286_epoch-12_ep-39156179.093_dl-8e-05_ap-1.10
13,217.85843,0.30857,42413113.034,8e-05,1.1,0.7787786978436522,582860,61304.59237901052,1000000,model/partialdp/20210423/111051/data-wikitext-2-add10b_model-LSTM_ebd-200_hid-200_bi-False_lay-1_tie-False_tok-50258_bs-7_bptt-35_lr-0.1_dp-True_partial-True_0hidden-False_sigma-0.05_norm-0.005_dl-8e-05.pt_ppl-217.8584300_acc-0.30857_epoch-13_ep-42413113.034_dl-8e-05_ap-1.10
14,214.1894926,0.30286,45682509.733,8e-05,1.1,0.8061147375253839,571920,56838.599730813214,1000000,model/partialdp/20210423/111051/data-wikitext-2-add10b_model-LSTM_ebd-200_hid-200_bi-False_lay-1_tie-False_tok-50258_bs-7_bptt-35_lr-0.1_dp-True_partial-True_0hidden-False_sigma-0.05_norm-0.005_dl-8e-05.pt_ppl-214.1894926_acc-0.30286_epoch-14_ep-45682509.733_dl-8e-05_ap-1.10
15,209.22458,0.32,48952499.897,8e-05,1.1,0.8239198247977413,564905,56913.15858430849,1000000,model/partialdp/20210423/111051/data-wikitext-2-add10b_model-LSTM_ebd-200_hid-200_bi-False_lay-1_tie-False_tok-50258_bs-7_bptt-35_lr-0.1_dp-True_partial-True_0hidden-False_sigma-0.05_norm-0.005_dl-8e-05.pt_ppl-209.2245800_acc-0.32000_epoch-15_ep-48952499.897_dl-8e-05_ap-1.10
16,205.630936,0.31429,52231866.802,8e-05,1.1,0.9383426784710416,521832,51985.07194971165,1000000,model/partialdp/20210423/111051/data-wikitext-2-add10b_model-LSTM_ebd-200_hid-200_bi-False_lay-1_tie-False_tok-50258_bs-7_bptt-35_lr-0.1_dp-True_partial-True_0hidden-False_sigma-0.05_norm-0.005_dl-8e-05.pt_ppl-205.6309360_acc-0.31429_epoch-16_ep-52231866.802_dl-8e-05_ap-1.10
17,203.9640796,0.32,55506485.99,8e-05,1.1,0.955082758093873,515812,54330.13131275356,1000000,model/partialdp/20210423/111051/data-wikitext-2-add10b_model-LSTM_ebd-200_hid-200_bi-False_lay-1_tie-False_tok-50258_bs-7_bptt-35_lr-0.1_dp-True_partial-True_0hidden-False_sigma-0.05_norm-0.005_dl-8e-05.pt_ppl-203.9640796_acc-0.32000_epoch-17_ep-55506485.990_dl-8e-05_ap-1.10
18,200.724945,0.32,58762351.695,8e-05,1.1,0.9065561094739003,533457,62019.561715776836,1000000,model/partialdp/20210423/111051/data-wikitext-2-add10b_model-LSTM_ebd-200_hid-200_bi-False_lay-1_tie-False_tok-50258_bs-7_bptt-35_lr-0.1_dp-True_partial-True_0hidden-False_sigma-0.05_norm-0.005_dl-8e-05.pt_ppl-200.7249450_acc-0.32000_epoch-18_ep-58762351.695_dl-8e-05_ap-1.10
19,196.9908612,0.32571,62026288.52,8e-05,1.1,0.8965117600855486,537184,57031.86531066952,1000000,model/partialdp/20210423/111051/data-wikitext-2-add10b_model-LSTM_ebd-200_hid-200_bi-False_lay-1_tie-False_tok-50258_bs-7_bptt-35_lr-0.1_dp-True_partial-True_0hidden-False_sigma-0.05_norm-0.005_dl-8e-05.pt_ppl-196.9908612_acc-0.32571_epoch-19_ep-62026288.520_dl-8e-05_ap-1.10
20,195.9773208,0.32571,65292480.51,8e-05,1.1,0.8682156234360363,547824,58138.76251725636,1000000,model/partialdp/20210423/111051/data-wikitext-2-add10b_model-LSTM_ebd-200_hid-200_bi-False_lay-1_tie-False_tok-50258_bs-7_bptt-35_lr-0.1_dp-True_partial-True_0hidden-False_sigma-0.05_norm-0.005_dl-8e-05.pt_ppl-195.9773208_acc-0.32571_epoch-20_ep-65292480.510_dl-8e-05_ap-1.10
21,193.2605585,0.32,68561877.209,8e-05,1.1,0.8592056414994929,551256,65135.34629125995,1000000,model/partialdp/20210423/111051/data-wikitext-2-add10b_model-LSTM_ebd-200_hid-200_bi-False_lay-1_tie-False_tok-50258_bs-7_bptt-35_lr-0.1_dp-True_partial-True_0hidden-False_sigma-0.05_norm-0.005_dl-8e-05.pt_ppl-193.2605585_acc-0.32000_epoch-21_ep-68561877.209_dl-8e-05_ap-1.10
22,190.0146218,0.32571,71832342.144,8e-05,1.1,0.9135830673660905,530865,64657.171650267366,1000000,model/partialdp/20210423/111051/data-wikitext-2-add10b_model-LSTM_ebd-200_hid-200_bi-False_lay-1_tie-False_tok-50258_bs-7_bptt-35_lr-0.1_dp-True_partial-True_0hidden-False_sigma-0.05_norm-0.005_dl-8e-05.pt_ppl-190.0146218_acc-0.32571_epoch-22_ep-71832342.144_dl-8e-05_ap-1.10
23,188.6955805,0.32,75102569.694,8e-05,1.1,0.9309578162452006,524510,60195.926780220565,1000000,model/partialdp/20210423/111051/data-wikitext-2-add10b_model-LSTM_ebd-200_hid-200_bi-False_lay-1_tie-False_tok-50258_bs-7_bptt-35_lr-0.1_dp-True_partial-True_0hidden-False_sigma-0.05_norm-0.005_dl-8e-05.pt_ppl-188.6955805_acc-0.32000_epoch-23_ep-75102569.694_dl-8e-05_ap-1.10
24,185.0562598,0.32571,78368880.377,8e-05,1.1,0.9685652783743741,511014,61688.31742536545,1000000,model/partialdp/20210423/111051/data-wikitext-2-add10b_model-LSTM_ebd-200_hid-200_bi-False_lay-1_tie-False_tok-50258_bs-7_bptt-35_lr-0.1_dp-True_partial-True_0hidden-False_sigma-0.05_norm-0.005_dl-8e-05.pt_ppl-185.0562598_acc-0.32571_epoch-24_ep-78368880.377_dl-8e-05_ap-1.10
25,184.5376262,0.32571,81640888.32,8e-05,1.1,1.0139808756420372,495178,59502.112943544555,1000000,model/partialdp/20210423/111051/data-wikitext-2-add10b_model-LSTM_ebd-200_hid-200_bi-False_lay-1_tie-False_tok-50258_bs-7_bptt-35_lr-0.1_dp-True_partial-True_0hidden-False_sigma-0.05_norm-0.005_dl-8e-05.pt_ppl-184.5376262_acc-0.32571_epoch-25_ep-81640888.320_dl-8e-05_ap-1.10
26,181.641725,0.32571,84909691.555,8e-05,1.1,1.0033220203836315,498850,58632.931496462545,1000000,model/partialdp/20210423/111051/data-wikitext-2-add10b_model-LSTM_ebd-200_hid-200_bi-False_lay-1_tie-False_tok-50258_bs-7_bptt-35_lr-0.1_dp-True_partial-True_0hidden-False_sigma-0.05_norm-0.005_dl-8e-05.pt_ppl-181.6417250_acc-0.32571_epoch-26_ep-84909691.555_dl-8e-05_ap-1.10
27,179.1995297,0.31429,88183242.506,8e-05,1.1,0.89509174358491,537713,63595.334081304405,1000000,model/partialdp/20210423/111051/data-wikitext-2-add10b_model-LSTM_ebd-200_hid-200_bi-False_lay-1_tie-False_tok-50258_bs-7_bptt-35_lr-0.1_dp-True_partial-True_0hidden-False_sigma-0.05_norm-0.005_dl-8e-05.pt_ppl-179.1995297_acc-0.31429_epoch-27_ep-88183242.506_dl-8e-05_ap-1.10
28,178.4255133,0.32,91446585.866,8e-05,1.1,0.8968851155093986,537045,67809.85673548224,1000000,model/partialdp/20210423/111051/data-wikitext-2-add10b_model-LSTM_ebd-200_hid-200_bi-False_lay-1_tie-False_tok-50258_bs-7_bptt-35_lr-0.1_dp-True_partial-True_0hidden-False_sigma-0.05_norm-0.005_dl-8e-05.pt_ppl-178.4255133_acc-0.32000_epoch-28_ep-91446585.866_dl-8e-05_ap-1.10
29,177.1561227,0.32,94712184.391,8e-05,1.1,0.771817928524289,585679,71397.35141159855,1000000,model/partialdp/20210423/111051/data-wikitext-2-add10b_model-LSTM_ebd-200_hid-200_bi-False_lay-1_tie-False_tok-50258_bs-7_bptt-35_lr-0.1_dp-True_partial-True_0hidden-False_sigma-0.05_norm-0.005_dl-8e-05.pt_ppl-177.1561227_acc-0.32000_epoch-29_ep-94712184.391_dl-8e-05_ap-1.10
30,175.5175685,0.32571,97972560.428,8e-05,1.1,0.7562163852908803,592047,70161.21175701318,1000000,model/partialdp/20210423/111051/data-wikitext-2-add10b_model-LSTM_ebd-200_hid-200_bi-False_lay-1_tie-False_tok-50258_bs-7_bptt-35_lr-0.1_dp-True_partial-True_0hidden-False_sigma-0.05_norm-0.005_dl-8e-05.pt_ppl-175.5175685_acc-0.32571_epoch-30_ep-97972560.428_dl-8e-05_ap-1.10
31,173.3370882,0.31429,101245992.687,8e-05,1.1,0.7393745003812242,598999,68250.18275621113,1000000,model/partialdp/20210423/111051/data-wikitext-2-add10b_model-LSTM_ebd-200_hid-200_bi-False_lay-1_tie-False_tok-50258_bs-7_bptt-35_lr-0.1_dp-True_partial-True_0hidden-False_sigma-0.05_norm-0.005_dl-8e-05.pt_ppl-173.3370882_acc-0.31429_epoch-31_ep-101245992.687_dl-8e-05_ap-1.10
32,172.0588523,0.32571,104524884.82,8e-05,1.1,0.7716061014566016,585765,73927.43121798041,1000000,model/partialdp/20210423/111051/data-wikitext-2-add10b_model-LSTM_ebd-200_hid-200_bi-False_lay-1_tie-False_tok-50258_bs-7_bptt-35_lr-0.1_dp-True_partial-True_0hidden-False_sigma-0.05_norm-0.005_dl-8e-05.pt_ppl-172.0588523_acc-0.32571_epoch-32_ep-104524884.820_dl-8e-05_ap-1.10
33,170.9954135,0.32571,107790839.424,8e-05,1.1,0.6779172564932736,625067,76929.53872591014,1000000,model/partialdp/20210423/111051/data-wikitext-2-add10b_model-LSTM_ebd-200_hid-200_bi-False_lay-1_tie-False_tok-50258_bs-7_bptt-35_lr-0.1_dp-True_partial-True_0hidden-False_sigma-0.05_norm-0.005_dl-8e-05.pt_ppl-170.9954135_acc-0.32571_epoch-33_ep-107790839.424_dl-8e-05_ap-1.10
34,168.8141461,0.32571,111040295.711,8e-05,1.1,0.6577046898900605,633886,70637.22623844015,1000000,model/partialdp/20210423/111051/data-wikitext-2-add10b_model-LSTM_ebd-200_hid-200_bi-False_lay-1_tie-False_tok-50258_bs-7_bptt-35_lr-0.1_dp-True_partial-True_0hidden-False_sigma-0.05_norm-0.005_dl-8e-05.pt_ppl-168.8141461_acc-0.32571_epoch-34_ep-111040295.711_dl-8e-05_ap-1.10
35,167.6773122,0.32,114308742.867,8e-05,1.1,0.6782658163572606,624916,76096.03638284377,1000000,model/partialdp/20210423/111051/data-wikitext-2-add10b_model-LSTM_ebd-200_hid-200_bi-False_lay-1_tie-False_tok-50258_bs-7_bptt-35_lr-0.1_dp-True_partial-True_0hidden-False_sigma-0.05_norm-0.005_dl-8e-05.pt_ppl-167.6773122_acc-0.32000_epoch-35_ep-114308742.867_dl-8e-05_ap-1.10
36,166.3308752,0.32,117572560.999,8e-05,1.1,0.6185593518498145,651321,72924.71552137905,1000000,model/partialdp/20210423/111051/data-wikitext-2-add10b_model-LSTM_ebd-200_hid-200_bi-False_lay-1_tie-False_tok-50258_bs-7_bptt-35_lr-0.1_dp-True_partial-True_0hidden-False_sigma-0.05_norm-0.005_dl-8e-05.pt_ppl-166.3308752_acc-0.32000_epoch-36_ep-117572560.999_dl-8e-05_ap-1.10
37,164.9644391,0.32,120825578.074,8e-05,1.1,0.67187357156212,627691,70625.351364714,1000000,model/partialdp/20210423/111051/data-wikitext-2-add10b_model-LSTM_ebd-200_hid-200_bi-False_lay-1_tie-False_tok-50258_bs-7_bptt-35_lr-0.1_dp-True_partial-True_0hidden-False_sigma-0.05_norm-0.005_dl-8e-05.pt_ppl-164.9644391_acc-0.32000_epoch-37_ep-120825578.074_dl-8e-05_ap-1.10
38,163.9151075,0.31429,124085598.031,8e-05,1.1,0.6986628714860323,616143,76219.17068017638,1000000,model/partialdp/20210423/111051/data-wikitext-2-add10b_model-LSTM_ebd-200_hid-200_bi-False_lay-1_tie-False_tok-50258_bs-7_bptt-35_lr-0.1_dp-True_partial-True_0hidden-False_sigma-0.05_norm-0.005_dl-8e-05.pt_ppl-163.9151075_acc-0.31429_epoch-38_ep-124085598.031_dl-8e-05_ap-1.10
39,162.2966969,0.32,127352027.407,8e-05,1.1,0.7041476969718126,613805,75365.12220271853,1000000,model/partialdp/20210423/111051/data-wikitext-2-add10b_model-LSTM_ebd-200_hid-200_bi-False_lay-1_tie-False_tok-50258_bs-7_bptt-35_lr-0.1_dp-True_partial-True_0hidden-False_sigma-0.05_norm-0.005_dl-8e-05.pt_ppl-162.2966969_acc-0.32000_epoch-39_ep-127352027.407_dl-8e-05_ap-1.10
40,161.2165038,0.32,130607893.113,8e-05,1.1,0.7158673193171126,608839,60117.14379236408,1000000,model/partialdp/20210423/111051/data-wikitext-2-add10b_model-LSTM_ebd-200_hid-200_bi-False_lay-1_tie-False_tok-50258_bs-7_bptt-35_lr-0.1_dp-True_partial-True_0hidden-False_sigma-0.05_norm-0.005_dl-8e-05.pt_ppl-161.2165038_acc-0.32000_epoch-40_ep-130607893.113_dl-8e-05_ap-1.10
41,161.6578495,0.32571,133883461.844,8e-05,1.1,0.7305526619825748,602673,64764.21012098508,1000000,model/partialdp/20210423/111051/data-wikitext-2-add10b_model-LSTM_ebd-200_hid-200_bi-False_lay-1_tie-False_tok-50258_bs-7_bptt-35_lr-0.1_dp-True_partial-True_0hidden-False_sigma-0.05_norm-0.005_dl-8e-05.pt_ppl-161.6578495_acc-0.32571_epoch-41_ep-133883461.844_dl-8e-05_ap-1.10
42,158.80057,0.32,137135054.604,8e-05,1.1,0.7825483977071421,581339,62612.840540516416,1000000,model/partialdp/20210423/111051/data-wikitext-2-add10b_model-LSTM_ebd-200_hid-200_bi-False_lay-1_tie-False_tok-50258_bs-7_bptt-35_lr-0.1_dp-True_partial-True_0hidden-False_sigma-0.05_norm-0.005_dl-8e-05.pt_ppl-158.8005700_acc-0.32000_epoch-42_ep-137135054.604_dl-8e-05_ap-1.10
43,158.6768978,0.32,140393412.861,8e-05,1.1,0.7666002815023809,587801,65807.25452465737,1000000,model/partialdp/20210423/111051/data-wikitext-2-add10b_model-LSTM_ebd-200_hid-200_bi-False_lay-1_tie-False_tok-50258_bs-7_bptt-35_lr-0.1_dp-True_partial-True_0hidden-False_sigma-0.05_norm-0.005_dl-8e-05.pt_ppl-158.6768978_acc-0.32000_epoch-43_ep-140393412.861_dl-8e-05_ap-1.10
44,158.7112208,0.31429,143668744.206,8e-05,1.1,0.7399598870416746,598756,66894.84554539896,1000000,model/partialdp/20210423/111051/data-wikitext-2-add10b_model-LSTM_ebd-200_hid-200_bi-False_lay-1_tie-False_tok-50258_bs-7_bptt-35_lr-0.1_dp-True_partial-True_0hidden-False_sigma-0.05_norm-0.005_dl-8e-05.pt_ppl-158.7112208_acc-0.31429_epoch-44_ep-143668744.206_dl-8e-05_ap-1.10
45,158.1497319,0.32,146943600.78,8e-05,1.1,0.7449658388633686,596682,65825.22949851613,1000000,model/partialdp/20210423/111051/data-wikitext-2-add10b_model-LSTM_ebd-200_hid-200_bi-False_lay-1_tie-False_tok-50258_bs-7_bptt-35_lr-0.1_dp-True_partial-True_0hidden-False_sigma-0.05_norm-0.005_dl-8e-05.pt_ppl-158.1497319_acc-0.32000_epoch-45_ep-146943600.780_dl-8e-05_ap-1.10
46,158.115838,0.32,150212760.093,8e-05,1.1,0.7645032996711194,588656,66043.83185631341,1000000,model/partialdp/20210423/111051/data-wikitext-2-add10b_model-LSTM_ebd-200_hid-200_bi-False_lay-1_tie-False_tok-50258_bs-7_bptt-35_lr-0.1_dp-True_partial-True_0hidden-False_sigma-0.05_norm-0.005_dl-8e-05.pt_ppl-158.1158380_acc-0.32000_epoch-46_ep-150212760.093_dl-8e-05_ap-1.10
47,158.0636546,0.32,153468151.027,8e-05,1.1,0.7785707960288626,582944,64408.46014110719,1000000,model/partialdp/20210423/111051/data-wikitext-2-add10b_model-LSTM_ebd-200_hid-200_bi-False_lay-1_tie-False_tok-50258_bs-7_bptt-35_lr-0.1_dp-True_partial-True_0hidden-False_sigma-0.05_norm-0.005_dl-8e-05.pt_ppl-158.0636546_acc-0.32000_epoch-47_ep-153468151.027_dl-8e-05_ap-1.10
48,157.9115511,0.32,156758081.602,8e-05,1.1,0.7714213939345029,585840,65494.660874043904,1000000,model/partialdp/20210423/111051/data-wikitext-2-add10b_model-LSTM_ebd-200_hid-200_bi-False_lay-1_tie-False_tok-50258_bs-7_bptt-35_lr-0.1_dp-True_partial-True_0hidden-False_sigma-0.05_norm-0.005_dl-8e-05.pt_ppl-157.9115511_acc-0.32000_epoch-48_ep-156758081.602_dl-8e-05_ap-1.10
49,158.0152551,0.31429,160022730.584,8e-05,1.1,0.7887834132299503,578832,64001.69807565221,1000000,model/partialdp/20210423/111051/data-wikitext-2-add10b_model-LSTM_ebd-200_hid-200_bi-False_lay-1_tie-False_tok-50258_bs-7_bptt-35_lr-0.1_dp-True_partial-True_0hidden-False_sigma-0.05_norm-0.005_dl-8e-05.pt_ppl-158.0152551_acc-0.31429_epoch-49_ep-160022730.584_dl-8e-05_ap-1.10
50,157.9074681,0.32,163287616.952,8e-05,1.1,0.7722219640440251,585515,65817.01683969423,1000000,model/partialdp/20210423/111051/data-wikitext-2-add10b_model-LSTM_ebd-200_hid-200_bi-False_lay-1_tie-False_tok-50258_bs-7_bptt-35_lr-0.1_dp-True_partial-True_0hidden-False_sigma-0.05_norm-0.005_dl-8e-05.pt_ppl-157.9074681_acc-0.32000_epoch-50_ep-163287616.952_dl-8e-05_ap-1.10
